"Timestamp","RuleTitle","Level","Computer","Channel","EventID","RecordID","Details","ExtraFieldInfo","RuleID"
"2026-10-05 20:31:26.349 +04:00","Suspicious Encoded PowerShell Command","high","lab-win11","Sysmon",1,243,"Cmdline: powershell.exe -EncodedCommand VwByAGkAdABlAC0ASABvAGMAdAAgACcASABlAGwAbABvACAAZgByAG8AbQAgAEMAYQBzAGUAIAAxACAAdABlAHMAdABpAG4AZwAnAA== ¦ Proc: C:\Windows\System32\WindowsPowerShell\v1.0\powershell.exe ¦ User: LAB-WIN11\labuser ¦ ParentCmdline: ""C:\WINDOWS\system32\cmd.exe"" ¦ LID: 0x58e9f ¦ LGUID: 5CE9160A-A71B-6AC3-9F8E-050000000000 ¦ PID: 6820 ¦ PGUID: 5CE9160A-D0DE-6AC3-E105-000000000600 ¦ ParentPID: 7632 ¦ ParentPGUID: 5CE9160A-D0D4-6AC3-DF05-000000000600 ¦ Description: Windows PowerShell ¦ Product: Microsoft® Windows® Operating System ¦ Company: Microsoft Corporation ¦ Hashes: SHA1=A4F874F663D4B2E682BBAE87FD121865A42DDDBB,MD5=61F649A6FDC374A6BF36C860519E017C,SHA256=8BB6FA8C283B4D92120B1EF249A9B311B0F804D4CABBE9981159976C8BE76A5E,IMPHASH=2F87CE4617F593D7148B739BBF06D059","CurrentDirectory: C:\Windows\System32\ ¦ FileVersion: 10.0.26100.9278 (WinBuild.160101.0800) ¦ IntegrityLevel: High ¦ OriginalFileName: PowerShell.EXE ¦ ParentImage: C:\Windows\System32\cmd.exe ¦ RuleName: technique_id=T1059.001,technique_name=PowerShell ¦ TerminalSessionId: 1 ¦ UtcTime: 2026-10-05 16:31:26.285","7f3a2b1c-5e6d-4a8b-9c1f-2d3e4f5a6b7c"
"2026-10-05 20:42:22.311 +04:00","Suspicious Encoded PowerShell Command","high","lab-win11","Sysmon",1,360,"Cmdline: powershell.exe -EncodedCommand VwByAGkAdABlAC0ASABvAGMAdAAgACcASABlAGwAbABvACAAZgByAG8AbQAgAEMAYQBzAGUAIAAxACAAdABlAHMAdABpAG4AZwAnAA== ¦ Proc: C:\Windows\System32\WindowsPowerShell\v1.0\powershell.exe ¦ User: LAB-WIN11\labuser ¦ ParentCmdline: ""C:\WINDOWS\system32\cmd.exe"" ¦ LID: 0x58e9f ¦ LGUID: 5CE9160A-A71B-6AC3-9F8E-050000000000 ¦ PID: 8264 ¦ PGUID: 5CE9160A-D36E-6AC3-0906-000000000600 ¦ ParentPID: 7632 ¦ ParentPGUID: 5CE9160A-D0D4-6AC3-DF05-000000000600 ¦ Description: Windows PowerShell ¦ Product: Microsoft® Windows® Operating System ¦ Company: Microsoft Corporation ¦ Hashes: SHA1=A4F874F663D4B2E682BBAE87FD121865A42DDDBB,MD5=61F649A6FDC374A6BF36C860519E017C,SHA256=8BB6FA8C283B4D92120B1EF249A9B311B0F804D4CABBE9981159976C8BE76A5E,IMPHASH=2F87CE4617F593D7148B739BBF06D059","CurrentDirectory: C:\Windows\System32\ ¦ FileVersion: 10.0.26100.9278 (WinBuild.160101.0800) ¦ IntegrityLevel: High ¦ OriginalFileName: PowerShell.EXE ¦ ParentImage: C:\Windows\System32\cmd.exe ¦ RuleName: technique_id=T1059.001,technique_name=PowerShell ¦ TerminalSessionId: 1 ¦ UtcTime: 2026-10-05 16:42:22.306","7f3a2b1c-5e6d-4a8b-9c1f-2d3e4f5a6b7c"
"2026-10-05 21:57:05.537 +04:00","Suspicious Encoded PowerShell Command","high","lab-win11","Sysmon",1,580,"Cmdline: powershell.exe -EncodedCommand VwByAGkAdABlAC0ASABvAHMAdAAgACcASABlAGwAbABvACAAZgByAG8AbQAgAEMAYQBzAGUAIAAxACAAdABlAHMAdABpAG4AZwAnAA== ¦ Proc: C:\Windows\System32\WindowsPowerShell\v1.0\powershell.exe ¦ User: LAB-WIN11\labuser ¦ ParentCmdline: ""C:\WINDOWS\system32\cmd.exe"" ¦ LID: 0x58e9f ¦ LGUID: 5CE9160A-A71B-6AC3-9F8E-050000000000 ¦ PID: 4624 ¦ PGUID: 5CE9160A-E4F1-6AC3-5E06-000000000600 ¦ ParentPID: 6808 ¦ ParentPGUID: 5CE9160A-D8EB-6AC3-3306-000000000600 ¦ Description: Windows PowerShell ¦ Product: Microsoft® Windows® Operating System ¦ Company: Microsoft Corporation ¦ Hashes: SHA1=A4F874F663D4B2E682BBAE87FD121865A42DDDBB,MD5=61F649A6FDC374A6BF36C860519E017C,SHA256=8BB6FA8C283B4D92120B1EF249A9B311B0F804D4CABBE9981159976C8BE76A5E,IMPHASH=2F87CE4617F593D7148B739BBF06D059","CurrentDirectory: C:\Windows\System32\ ¦ FileVersion: 10.0.26100.9278 (WinBuild.160101.0800) ¦ IntegrityLevel: High ¦ OriginalFileName: PowerShell.EXE ¦ ParentImage: C:\Windows\System32\cmd.exe ¦ RuleName: technique_id=T1059.001,technique_name=PowerShell ¦ TerminalSessionId: 1 ¦ UtcTime: 2026-10-05 17:57:05.494","7f3a2b1c-5e6d-4a8b-9c1f-2d3e4f5a6b7c"
"2026-10-05 22:21:09.695 +04:00","Suspicious Encoded PowerShell Command","high","lab-win11","Sysmon",1,667,"Cmdline: ""C:\WINDOWS\System32\WindowsPowerShell\v1.0\powershell.exe"" -enc VwByAGkAdABlAC0ASABvAHMAdAAgACcAVgBhAHIAaQBhAG4AdAAgADIAIAB0AGUAcwB0ACAAbwBrACcA ¦ Proc: C:\Windows\System32\WindowsPowerShell\v1.0\powershell.exe ¦ User: LAB-WIN11\labuser ¦ ParentCmdline: ""C:\Windows\System32\WindowsPowerShell\v1.0\powershell.exe"" ¦ LID: 0x58edc ¦ LGUID: 5CE9160A-A71B-6AC3-DC8E-050000000000 ¦ PID: 4052 ¦ PGUID: 5CE9160A-EA95-6AC3-8406-000000000600 ¦ ParentPID: 6932 ¦ ParentPGUID: 5CE9160A-EA46-6AC3-8006-000000000600 ¦ Description: Windows PowerShell ¦ Product: Microsoft® Windows® Operating System ¦ Company: Microsoft Corporation ¦ Hashes: SHA1=A4F874F663D4B2E682BBAE87FD121865A42DDDBB,MD5=61F649A6FDC374A6BF36C860519E017C,SHA256=8BB6FA8C283B4D92120B1EF249A9B311B0F804D4CABBE9981159976C8BE76A5E,IMPHASH=2F87CE4617F593D7148B739BBF06D059","CurrentDirectory: C:\WINDOWS\system32\ ¦ FileVersion: 10.0.26100.9278 (WinBuild.160101.0800) ¦ IntegrityLevel: Medium ¦ OriginalFileName: PowerShell.EXE ¦ RuleName: technique_id=T1059.001,technique_name=PowerShell ¦ TerminalSessionId: 1 ¦ UtcTime: 2026-10-05 18:21:09.663","7f3a2b1c-5e6d-4a8b-9c1f-2d3e4f5a6b7c"
"2026-10-05 22:36:07.076 +04:00","Suspicious Encoded PowerShell Command","high","lab-win11","Sysmon",1,728,"Cmdline: ""C:\WINDOWS\System32\WindowsPowerShell\v1.0\powershell.exe"" -enc VwByAGkAdABlAC0ASABvAHMAdAAgACcAVgBhAHIAaQBhAG4AdAAgADIAIAB0AGUAcwB0ACAAbwBrACcA ¦ Proc: C:\Windows\System32\WindowsPowerShell\v1.0\powershell.exe ¦ User: LAB-WIN11\labuser ¦ ParentCmdline: C:\WINDOWS\System32\WindowsPowerShell\v1.0\powershell.exe ¦ LID: 0x58edc ¦ LGUID: 5CE9160A-A71B-6AC3-DC8E-050000000000 ¦ PID: 7888 ¦ PGUID: 5CE9160A-EE17-6AC3-9106-000000000600 ¦ ParentPID: 2632 ¦ ParentPGUID: 5CE9160A-EDC4-6AC3-8D06-000000000600 ¦ Description: Windows PowerShell ¦ Product: Microsoft® Windows® Operating System ¦ Company: Microsoft Corporation ¦ Hashes: SHA1=A4F874F663D4B2E682BBAE87FD121865A42DDDBB,MD5=61F649A6FDC374A6BF36C860519E017C,SHA256=8BB6FA8C283B4D92120B1EF249A9B311B0F804D4CABBE9981159976C8BE76A5E,IMPHASH=2F87CE4617F593D7148B739BBF06D059","CurrentDirectory: C:\Users\labuser\ ¦ FileVersion: 10.0.26100.9278 (WinBuild.160101.0800) ¦ IntegrityLevel: Medium ¦ OriginalFileName: PowerShell.EXE ¦ RuleName: technique_id=T1059.001,technique_name=PowerShell ¦ TerminalSessionId: 1 ¦ UtcTime: 2026-10-05 18:36:07.054","7f3a2b1c-5e6d-4a8b-9c1f-2d3e4f5a6b7c"
"2026-10-05 22:50:10.554 +04:00","Suspicious Encoded PowerShell Command","high","lab-win11","Sysmon",1,795,"Cmdline: ""C:\WINDOWS\System32\WindowsPowerShell\v1.0\powershell.exe"" -enc VwByAGkAdABlAC0ASABvAHMAdAAgACcAVgBhAHIAaQBhAG4AdAAgADIAIAB0AGUAcwB0ACAAbwBrACcA ¦ Proc: C:\Windows\System32\WindowsPowerShell\v1.0\powershell.exe ¦ User: LAB-WIN11\labuser ¦ ParentCmdline: C:\WINDOWS\System32\WindowsPowerShell\v1.0\powershell.exe ¦ LID: 0x58edc ¦ LGUID: 5CE9160A-A71B-6AC3-DC8E-050000000000 ¦ PID: 5388 ¦ PGUID: 5CE9160A-F162-6AC3-A706-000000000600 ¦ ParentPID: 2632 ¦ ParentPGUID: 5CE9160A-EDC4-6AC3-8D06-000000000600 ¦ Description: Windows PowerShell ¦ Product: Microsoft® Windows® Operating System ¦ Company: Microsoft Corporation ¦ Hashes: SHA1=A4F874F663D4B2E682BBAE87FD121865A42DDDBB,MD5=61F649A6FDC374A6BF36C860519E017C,SHA256=8BB6FA8C283B4D92120B1EF249A9B311B0F804D4CABBE9981159976C8BE76A5E,IMPHASH=2F87CE4617F593D7148B739BBF06D059","CurrentDirectory: C:\Users\labuser\ ¦ FileVersion: 10.0.26100.9278 (WinBuild.160101.0800) ¦ IntegrityLevel: Medium ¦ OriginalFileName: PowerShell.EXE ¦ RuleName: technique_id=T1059.001,technique_name=PowerShell ¦ TerminalSessionId: 1 ¦ UtcTime: 2026-10-05 18:50:10.545","7f3a2b1c-5e6d-4a8b-9c1f-2d3e4f5a6b7c"
"2026-10-05 22:57:03.626 +04:00","Suspicious Encoded PowerShell Command","high","lab-win11","Sysmon",1,834,"Cmdline: ""C:\WINDOWS\System32\WindowsPowerShell\v1.0\powershell.exe"" -e VwByAGkAdABlAC0ASABvAHMAdAAgACcAVgBhAHIAaQBhAG4AdAAgADMAIAB0AGUAcwB0ACAAbwBrACcA ¦ Proc: C:\Windows\System32\WindowsPowerShell\v1.0\powershell.exe ¦ User: LAB-WIN11\labuser ¦ ParentCmdline: ""C:\Windows\System32\WindowsPowerShell\v1.0\powershell.exe"" ¦ LID: 0x58e9f ¦ LGUID: 5CE9160A-A71B-6AC3-9F8E-050000000000 ¦ PID: 8864 ¦ PGUID: 5CE9160A-F2FF-6AC3-AF06-000000000600 ¦ ParentPID: 1036 ¦ ParentPGUID: 5CE9160A-F1DB-6AC3-AC06-000000000600 ¦ Description: Windows PowerShell ¦ Product: Microsoft® Windows® Operating System ¦ Company: Microsoft Corporation ¦ Hashes: SHA1=A4F874F663D4B2E682BBAE87FD121865A42DDDBB,MD5=61F649A6FDC374A6BF36C860519E017C,SHA256=8BB6FA8C283B4D92120B1EF249A9B311B0F804D4CABBE9981159976C8BE76A5E,IMPHASH=2F87CE4617F593D7148B739BBF06D059","CurrentDirectory: C:\WINDOWS\system32\ ¦ FileVersion: 10.0.26100.9278 (WinBuild.160101.0800) ¦ IntegrityLevel: High ¦ OriginalFileName: PowerShell.EXE ¦ RuleName: technique_id=T1059.001,technique_name=PowerShell ¦ TerminalSessionId: 1 ¦ UtcTime: 2026-10-05 18:57:03.602","7f3a2b1c-5e6d-4a8b-9c1f-2d3e4f5a6b7c"
"2026-10-05 23:05:46.699 +04:00","Suspicious Encoded PowerShell Command","high","lab-win11","Sysmon",1,865,"Cmdline: ""C:\WINDOWS\System32\WindowsPowerShell\v1.0\powershell.exe"" -EncodedCommand VwByAGkAdABlAC0ASABvAHMAdAAgACcAVgBhAHIAaQBhAG4AdAAgADQAIAB0AGUAcwB0ACAAbwBrACcA ¦ Proc: C:\Windows\System32\WindowsPowerShell\v1.0\powershell.exe ¦ User: LAB-WIN11\labuser ¦ ParentCmdline: ""C:\Windows\System32\WindowsPowerShell\v1.0\powershell.exe"" ¦ LID: 0x58e9f ¦ LGUID: 5CE9160A-A71B-6AC3-9F8E-050000000000 ¦ PID: 6568 ¦ PGUID: 5CE9160A-F50A-6AC3-B906-000000000600 ¦ ParentPID: 1036 ¦ ParentPGUID: 5CE9160A-F1DB-6AC3-AC06-000000000600 ¦ Description: Windows PowerShell ¦ Product: Microsoft® Windows® Operating System ¦ Company: Microsoft Corporation ¦ Hashes: SHA1=A4F874F663D4B2E682BBAE87FD121865A42DDDBB,MD5=61F649A6FDC374A6BF36C860519E017C,SHA256=8BB6FA8C283B4D92120B1EF249A9B311B0F804D4CABBE9981159976C8BE76A5E,IMPHASH=2F87CE4617F593D7148B739BBF06D059","CurrentDirectory: C:\WINDOWS\system32\ ¦ FileVersion: 10.0.26100.9278 (WinBuild.160101.0800) ¦ IntegrityLevel: High ¦ OriginalFileName: PowerShell.EXE ¦ RuleName: technique_id=T1059.001,technique_name=PowerShell ¦ TerminalSessionId: 1 ¦ UtcTime: 2026-10-05 19:05:46.680","7f3a2b1c-5e6d-4a8b-9c1f-2d3e4f5a6b7c"
"2026-10-05 23:12:17.329 +04:00","Suspicious Encoded PowerShell Command","high","lab-win11","Sysmon",1,897,"Cmdline: powershell.exe -EncodedCommand VwByAGkAdABlAC0ASABvAHMAdAAgACcAVgBhAHIAaQBhAG4AdAAgADQAIAB0AGUAcwB0ACAAbwBrACcA ¦ Proc: C:\Windows\System32\WindowsPowerShell\v1.0\powershell.exe ¦ User: LAB-WIN11\labuser ¦ ParentCmdline: ""C:\WINDOWS\system32\cmd.exe"" ¦ LID: 0x58edc ¦ LGUID: 5CE9160A-A71B-6AC3-DC8E-050000000000 ¦ PID: 8432 ¦ PGUID: 5CE9160A-F691-6AC3-C406-000000000600 ¦ ParentPID: 11040 ¦ ParentPGUID: 5CE9160A-F656-6AC3-C106-000000000600 ¦ Description: Windows PowerShell ¦ Product: Microsoft® Windows® Operating System ¦ Company: Microsoft Corporation ¦ Hashes: SHA1=A4F874F663D4B2E682BBAE87FD121865A42DDDBB,MD5=61F649A6FDC374A6BF36C860519E017C,SHA256=8BB6FA8C283B4D92120B1EF249A9B311B0F804D4CABBE9981159976C8BE76A5E,IMPHASH=2F87CE4617F593D7148B739BBF06D059","CurrentDirectory: C:\Users\labuser\ ¦ FileVersion: 10.0.26100.9278 (WinBuild.160101.0800) ¦ IntegrityLevel: Medium ¦ OriginalFileName: PowerShell.EXE ¦ ParentImage: C:\Windows\System32\cmd.exe ¦ RuleName: technique_id=T1059.001,technique_name=PowerShell ¦ TerminalSessionId: 1 ¦ UtcTime: 2026-10-05 19:12:17.293","7f3a2b1c-5e6d-4a8b-9c1f-2d3e4f5a6b7c"
"2026-10-05 23:17:07.994 +04:00","Suspicious Encoded PowerShell Command","high","lab-win11","Sysmon",1,921,"Cmdline: ""C:\WINDOWS\System32\WindowsPowerShell\v1.0\powershell.exe"" -EnCoDedCoMmAnD VwByAGkAdABlAC0ASABvAHMAdAAgACcAVgBhAHIAaQBhAG4AdAAgADUAIAB0AGUAcwB0ACAAbwBrACcA ¦ Proc: C:\Windows\System32\WindowsPowerShell\v1.0\powershell.exe ¦ User: LAB-WIN11\labuser ¦ ParentCmdline: ""C:\Windows\System32\WindowsPowerShell\v1.0\powershell.exe"" ¦ LID: 0x58e9f ¦ LGUID: 5CE9160A-A71B-6AC3-9F8E-050000000000 ¦ PID: 4448 ¦ PGUID: 5CE9160A-F7B3-6AC3-C906-000000000600 ¦ ParentPID: 1036 ¦ ParentPGUID: 5CE9160A-F1DB-6AC3-AC06-000000000600 ¦ Description: Windows PowerShell ¦ Product: Microsoft® Windows® Operating System ¦ Company: Microsoft Corporation ¦ Hashes: SHA1=A4F874F663D4B2E682BBAE87FD121865A42DDDBB,MD5=61F649A6FDC374A6BF36C860519E017C,SHA256=8BB6FA8C283B4D92120B1EF249A9B311B0F804D4CABBE9981159976C8BE76A5E,IMPHASH=2F87CE4617F593D7148B739BBF06D059","CurrentDirectory: C:\WINDOWS\system32\ ¦ FileVersion: 10.0.26100.9278 (WinBuild.160101.0800) ¦ IntegrityLevel: High ¦ OriginalFileName: PowerShell.EXE ¦ RuleName: technique_id=T1059.001,technique_name=PowerShell ¦ TerminalSessionId: 1 ¦ UtcTime: 2026-10-05 19:17:07.976","7f3a2b1c-5e6d-4a8b-9c1f-2d3e4f5a6b7c"
"2026-10-05 20:31:26.349 +04:00","Suspicious Encoded PowerShell Command","high","lab-win11","Sysmon",1,243,"Cmdline: powershell.exe -EncodedCommand VwByAGkAdABlAC0ASABvAGMAdAAgACcASABlAGwAbABvACAAZgByAG8AbQAgAEMAYQBzAGUAIAAxACAAdABlAHMAdABpAG4AZwAnAA== ¦ Proc: C:\Windows\System32\WindowsPowerShell\v1.0\powershell.exe ¦ User: LAB-WIN11\labuser ¦ ParentCmdline: ""C:\WINDOWS\system32\cmd.exe"" ¦ LID: 0x58e9f ¦ LGUID: 5CE9160A-A71B-6AC3-9F8E-050000000000 ¦ PID: 6820 ¦ PGUID: 5CE9160A-D0DE-6AC3-E105-000000000600 ¦ ParentPID: 7632 ¦ ParentPGUID: 5CE9160A-D0D4-6AC3-DF05-000000000600 ¦ Description: Windows PowerShell ¦ Product: Microsoft® Windows® Operating System ¦ Company: Microsoft Corporation ¦ Hashes: SHA1=A4F874F663D4B2E682BBAE87FD121865A42DDDBB,MD5=61F649A6FDC374A6BF36C860519E017C,SHA256=8BB6FA8C283B4D92120B1EF249A9B311B0F804D4CABBE9981159976C8BE76A5E,IMPHASH=2F87CE4617F593D7148B739BBF06D059","CurrentDirectory: C:\Windows\System32\ ¦ FileVersion: 10.0.26100.9278 (WinBuild.160101.0800) ¦ IntegrityLevel: High ¦ OriginalFileName: PowerShell.EXE ¦ ParentImage: C:\Windows\System32\cmd.exe ¦ RuleName: technique_id=T1059.001,technique_name=PowerShell ¦ TerminalSessionId: 1 ¦ UtcTime: 2026-10-05 16:31:26.285","7f3a2b1c-5e6d-4a8b-9c1f-2d3e4f5a6b7c"
"2026-10-05 20:42:22.311 +04:00","Suspicious Encoded PowerShell Command","high","lab-win11","Sysmon",1,360,"Cmdline: powershell.exe -EncodedCommand VwByAGkAdABlAC0ASABvAGMAdAAgACcASABlAGwAbABvACAAZgByAG8AbQAgAEMAYQBzAGUAIAAxACAAdABlAHMAdABpAG4AZwAnAA== ¦ Proc: C:\Windows\System32\WindowsPowerShell\v1.0\powershell.exe ¦ User: LAB-WIN11\labuser ¦ ParentCmdline: ""C:\WINDOWS\system32\cmd.exe"" ¦ LID: 0x58e9f ¦ LGUID: 5CE9160A-A71B-6AC3-9F8E-050000000000 ¦ PID: 8264 ¦ PGUID: 5CE9160A-D36E-6AC3-0906-000000000600 ¦ ParentPID: 7632 ¦ ParentPGUID: 5CE9160A-D0D4-6AC3-DF05-000000000600 ¦ Description: Windows PowerShell ¦ Product: Microsoft® Windows® Operating System ¦ Company: Microsoft Corporation ¦ Hashes: SHA1=A4F874F663D4B2E682BBAE87FD121865A42DDDBB,MD5=61F649A6FDC374A6BF36C860519E017C,SHA256=8BB6FA8C283B4D92120B1EF249A9B311B0F804D4CABBE9981159976C8BE76A5E,IMPHASH=2F87CE4617F593D7148B739BBF06D059","CurrentDirectory: C:\Windows\System32\ ¦ FileVersion: 10.0.26100.9278 (WinBuild.160101.0800) ¦ IntegrityLevel: High ¦ OriginalFileName: PowerShell.EXE ¦ ParentImage: C:\Windows\System32\cmd.exe ¦ RuleName: technique_id=T1059.001,technique_name=PowerShell ¦ TerminalSessionId: 1 ¦ UtcTime: 2026-10-05 16:42:22.306","7f3a2b1c-5e6d-4a8b-9c1f-2d3e4f5a6b7c"
"2026-10-05 20:31:26.349 +04:00","Suspicious Encoded PowerShell Command","high","lab-win11","Sysmon",1,243,"Cmdline: powershell.exe -EncodedCommand VwByAGkAdABlAC0ASABvAGMAdAAgACcASABlAGwAbABvACAAZgByAG8AbQAgAEMAYQBzAGUAIAAxACAAdABlAHMAdABpAG4AZwAnAA== ¦ Proc: C:\Windows\System32\WindowsPowerShell\v1.0\powershell.exe ¦ User: LAB-WIN11\labuser ¦ ParentCmdline: ""C:\WINDOWS\system32\cmd.exe"" ¦ LID: 0x58e9f ¦ LGUID: 5CE9160A-A71B-6AC3-9F8E-050000000000 ¦ PID: 6820 ¦ PGUID: 5CE9160A-D0DE-6AC3-E105-000000000600 ¦ ParentPID: 7632 ¦ ParentPGUID: 5CE9160A-D0D4-6AC3-DF05-000000000600 ¦ Description: Windows PowerShell ¦ Product: Microsoft® Windows® Operating System ¦ Company: Microsoft Corporation ¦ Hashes: SHA1=A4F874F663D4B2E682BBAE87FD121865A42DDDBB,MD5=61F649A6FDC374A6BF36C860519E017C,SHA256=8BB6FA8C283B4D92120B1EF249A9B311B0F804D4CABBE9981159976C8BE76A5E,IMPHASH=2F87CE4617F593D7148B739BBF06D059","CurrentDirectory: C:\Windows\System32\ ¦ FileVersion: 10.0.26100.9278 (WinBuild.160101.0800) ¦ IntegrityLevel: High ¦ OriginalFileName: PowerShell.EXE ¦ ParentImage: C:\Windows\System32\cmd.exe ¦ RuleName: technique_id=T1059.001,technique_name=PowerShell ¦ TerminalSessionId: 1 ¦ UtcTime: 2026-10-05 16:31:26.285","7f3a2b1c-5e6d-4a8b-9c1f-2d3e4f5a6b7c"
"2026-10-05 20:42:22.311 +04:00","Suspicious Encoded PowerShell Command","high","lab-win11","Sysmon",1,360,"Cmdline: powershell.exe -EncodedCommand VwByAGkAdABlAC0ASABvAGMAdAAgACcASABlAGwAbABvACAAZgByAG8AbQAgAEMAYQBzAGUAIAAxACAAdABlAHMAdABpAG4AZwAnAA== ¦ Proc: C:\Windows\System32\WindowsPowerShell\v1.0\powershell.exe ¦ User: LAB-WIN11\labuser ¦ ParentCmdline: ""C:\WINDOWS\system32\cmd.exe"" ¦ LID: 0x58e9f ¦ LGUID: 5CE9160A-A71B-6AC3-9F8E-050000000000 ¦ PID: 8264 ¦ PGUID: 5CE9160A-D36E-6AC3-0906-000000000600 ¦ ParentPID: 7632 ¦ ParentPGUID: 5CE9160A-D0D4-6AC3-DF05-000000000600 ¦ Description: Windows PowerShell ¦ Product: Microsoft® Windows® Operating System ¦ Company: Microsoft Corporation ¦ Hashes: SHA1=A4F874F663D4B2E682BBAE87FD121865A42DDDBB,MD5=61F649A6FDC374A6BF36C860519E017C,SHA256=8BB6FA8C283B4D92120B1EF249A9B311B0F804D4CABBE9981159976C8BE76A5E,IMPHASH=2F87CE4617F593D7148B739BBF06D059","CurrentDirectory: C:\Windows\System32\ ¦ FileVersion: 10.0.26100.9278 (WinBuild.160101.0800) ¦ IntegrityLevel: High ¦ OriginalFileName: PowerShell.EXE ¦ ParentImage: C:\Windows\System32\cmd.exe ¦ RuleName: technique_id=T1059.001,technique_name=PowerShell ¦ TerminalSessionId: 1 ¦ UtcTime: 2026-10-05 16:42:22.306","7f3a2b1c-5e6d-4a8b-9c1f-2d3e4f5a6b7c"
"2026-10-05 21:57:05.537 +04:00","Suspicious Encoded PowerShell Command","high","lab-win11","Sysmon",1,580,"Cmdline: powershell.exe -EncodedCommand VwByAGkAdABlAC0ASABvAHMAdAAgACcASABlAGwAbABvACAAZgByAG8AbQAgAEMAYQBzAGUAIAAxACAAdABlAHMAdABpAG4AZwAnAA== ¦ Proc: C:\Windows\System32\WindowsPowerShell\v1.0\powershell.exe ¦ User: LAB-WIN11\labuser ¦ ParentCmdline: ""C:\WINDOWS\system32\cmd.exe"" ¦ LID: 0x58e9f ¦ LGUID: 5CE9160A-A71B-6AC3-9F8E-050000000000 ¦ PID: 4624 ¦ PGUID: 5CE9160A-E4F1-6AC3-5E06-000000000600 ¦ ParentPID: 6808 ¦ ParentPGUID: 5CE9160A-D8EB-6AC3-3306-000000000600 ¦ Description: Windows PowerShell ¦ Product: Microsoft® Windows® Operating System ¦ Company: Microsoft Corporation ¦ Hashes: SHA1=A4F874F663D4B2E682BBAE87FD121865A42DDDBB,MD5=61F649A6FDC374A6BF36C860519E017C,SHA256=8BB6FA8C283B4D92120B1EF249A9B311B0F804D4CABBE9981159976C8BE76A5E,IMPHASH=2F87CE4617F593D7148B739BBF06D059","CurrentDirectory: C:\Windows\System32\ ¦ FileVersion: 10.0.26100.9278 (WinBuild.160101.0800) ¦ IntegrityLevel: High ¦ OriginalFileName: PowerShell.EXE ¦ ParentImage: C:\Windows\System32\cmd.exe ¦ RuleName: technique_id=T1059.001,technique_name=PowerShell ¦ TerminalSessionId: 1 ¦ UtcTime: 2026-10-05 17:57:05.494","7f3a2b1c-5e6d-4a8b-9c1f-2d3e4f5a6b7c"
